name,length,num_helices,max_loop,mfe_solved,u_mfe_solved,relaxed_solved,best_dist,elapsed_s,length_bin,helix_bin
G-C Placement,12,2,3,1,0,1,0,0.16,short (L<=100),simple (H<=3)
Simple Hairpin,16,2,6,1,0,1,0,0.23,short (L<=100),simple (H<=3)
Shortie 4,17,4,4,0,0,1,2,0.25,short (L<=100),moderate (4<=H<=7)
stickshift    ..,24,3,5,1,0,1,0,0.39,short (L<=100),simple (H<=3)
Small and Easy 6,30,4,9,1,0,1,0,0.84,short (L<=100),moderate (4<=H<=7)
Corner bulge training    .,30,3,4,1,0,1,0,0.66,short (L<=100),simple (H<=3)
Zigzag Semicircle    ....,30,6,4,0,0,1,1,0.7,short (L<=100),moderate (4<=H<=7)
Frog Foot    ..........,35,4,4,1,0,1,0,0.99,short (L<=100),moderate (4<=H<=7)
Shortie 6,35,8,4,0,0,1,2,1.09,short (L<=100),complex (H>=8)
Bug 38    .,35,10,4,0,0,1,2,1.12,short (L<=100),complex (H>=8)
Prion Pseudoknot - Difficulty Level 0,36,4,10,1,0,1,0,1.36,short (L<=100),moderate (4<=H<=7)
InfoRNA test 16,36,6,4,1,0,1,0,1.2,short (L<=100),moderate (4<=H<=7)
Tripod5    ..,36,3,5,1,0,1,0,1.09,short (L<=100),simple (H<=3)
multilooping fun,36,12,4,0,0,0,7,1.23,short (L<=100),complex (H>=8)
Worm 1    .......,38,16,4,0,0,1,1,1.58,short (L<=100),complex (H>=8)
Branching Loop    .,39,4,8,0,0,1,1,1.5,short (L<=100),moderate (4<=H<=7)
InfoRNA bulge test 9,42,6,4,0,0,1,1,1.37,short (L<=100),moderate (4<=H<=7)
Misfolded Aptamer,50,7,9,0,0,1,3,2.96,short (L<=100),moderate (4<=H<=7)
U    .....,52,7,5,0,0,1,1,2.77,short (L<=100),moderate (4<=H<=7)
Bug 18    .,52,14,4,0,0,1,2,3.38,short (L<=100),complex (H>=8)
Simple Single Bond    ......,55,4,22,0,0,1,1,4.19,short (L<=100),moderate (4<=H<=7)
[CloudBeta] An Arm and a Leg 1.0    .....,58,7,20,1,0,1,0,4.56,short (L<=100),moderate (4<=H<=7)
The Minitsry,62,10,8,0,0,1,2,5.31,short (L<=100),complex (H>=8)
Chicken feet    .....,62,14,5,0,0,0,15,5.08,short (L<=100),complex (H>=8)
[CloudBeta] 5 Adjacent Stack Multi-Branch Loop,63,5,4,1,0,1,0,5.44,short (L<=100),moderate (4<=H<=7)
hard Y    .....,63,5,5,0,0,1,1,5.17,short (L<=100),moderate (4<=H<=7)
square,67,5,4,1,0,1,0,6.59,short (L<=100),moderate (4<=H<=7)
snoRNA SNORD64,67,8,13,1,0,1,0,7.43,short (L<=100),complex (H>=8)
Misfolded Aptamer 6    ......,69,8,11,0,0,1,1,7.88,short (L<=100),complex (H>=8)
Loop next to a Multiloop    ..,71,8,7,0,0,1,1,7.4,short (L<=100),complex (H>=8)
[RNA] Repetitious Sequences 8/10    .,79,10,6,0,0,0,4,9.99,short (L<=100),complex (H>=8)
Recoil    .....,80,14,21,1,0,1,0,10.86,short (L<=100),complex (H>=8)
Multilooping 6    ..,80,5,4,0,0,1,3,10.02,short (L<=100),moderate (4<=H<=7)
Variation of a crop circle    ....,84,12,13,0,0,0,5,13.1,short (L<=100),complex (H>=8)
just down to 1 bulge    .....,91,13,20,0,0,0,9,15.72,short (L<=100),complex (H>=8)
Short String 4    ......,91,18,21,0,0,0,12,14.21,short (L<=100),complex (H>=8)
Triple Y    .....,92,5,20,1,0,1,0,14.74,short (L<=100),moderate (4<=H<=7)
7 multiloop,92,7,4,1,0,1,0,14.39,short (L<=100),moderate (4<=H<=7)
Six legd turtle 2    .....,93,14,20,0,0,0,12,18.92,short (L<=100),complex (H>=8)
Fractile    ............,93,14,24,0,0,0,13,19.54,short (L<=100),complex (H>=8)
InfoRNA bulge test    .............................,93,18,6,0,0,1,2,14.84,short (L<=100),complex (H>=8)
Cat's Toy 2    ....,93,11,19,0,0,0,8,14.98,short (L<=100),complex (H>=8)
Mutated chicken feet    .......,93,21,7,0,0,0,30,16.07,short (L<=100),complex (H>=8)
Shapes and Energy    ......,95,14,21,0,0,1,3,17.42,short (L<=100),complex (H>=8)
Kudzu    .....,96,16,20,0,0,0,6,16.7,short (L<=100),complex (H>=8)
Spiral    .....,97,13,5,1,0,1,0,15.46,short (L<=100),complex (H>=8)
Flower power    .....,97,10,20,0,0,0,9,16.87,short (L<=100),complex (H>=8)
Kyurem 7    .....,97,9,20,0,0,0,4,17.49,short (L<=100),complex (H>=8)
Water Strider    .....,98,12,21,0,0,0,9,20.86,short (L<=100),complex (H>=8)
The Gammaretrovirus Signal - Difficulty Level 0    ..,99,13,6,1,0,1,0,17.89,short (L<=100),complex (H>=8)
Chalk Outline    .....,99,13,23,0,0,1,3,18.79,short (L<=100),complex (H>=8)
Shape Test    .....,99,13,20,1,0,1,0,18.81,short (L<=100),complex (H>=8)
Kyurem 5    .....,99,8,20,0,0,0,11,18.73,short (L<=100),complex (H>=8)
Six legd Turtle    .....,100,14,20,0,0,0,13,22.4,short (L<=100),complex (H>=8)
Tilted Russian Cross    .....,100,8,20,1,0,1,0,18.25,short (L<=100),complex (H>=8)
Quasispecies 2-2 Loop Challenge    .....,100,14,20,0,0,1,1,19.29,short (L<=100),complex (H>=8)
"""1,2,3and4bulges""    .....",100,16,20,0,0,0,20,21.32,short (L<=100),complex (H>=8)
Mat - Elements & Sections    .....,100,19,20,0,0,0,4,18.87,short (L<=100),complex (H>=8)
Hard Y and a bit more    .....,100,11,20,0,0,1,1,21.97,short (L<=100),complex (H>=8)
Chicken Tracks    ........,108,12,9,0,0,0,9,23.14,medium (100<L<=200),complex (H>=8)
Crop circle 2,110,10,30,0,0,0,13,28.05,medium (100<L<=200),complex (H>=8)
Runner    .....,111,17,5,0,0,0,12,24.29,medium (100<L<=200),complex (H>=8)
Multiloop...,111,18,6,0,0,1,1,26.22,medium (100<L<=200),complex (H>=8)
Fractal 3    .....,114,22,5,0,0,0,24,29.44,medium (100<L<=200),complex (H>=8)
Arabidopsis Thaliana 6 RNA - Difficulty Level 0,116,10,11,1,0,1,0,24.59,medium (100<L<=200),complex (H>=8)
Iron Cross    .,122,24,4,0,0,0,38,31.54,medium (100<L<=200),complex (H>=8)
loops and stems    .....,146,16,12,0,0,1,3,50.24,medium (100<L<=200),complex (H>=8)
Adenine,174,20,6,1,0,1,0,62.9,medium (100<L<=200),complex (H>=8)
Pokeball    ...,181,38,8,0,0,0,8,81.03,medium (100<L<=200),complex (H>=8)
Human Integrated Adenovirus - Difficulty Level 0,192,15,12,0,0,0,7,84.15,medium (100<L<=200),complex (H>=8)
Headless Bug on Windshield    .,199,31,25,0,0,0,17,97.06,medium (100<L<=200),complex (H>=8)
Bullseye    ...,199,24,8,0,0,0,40,93.9,medium (100<L<=200),complex (H>=8)
Campfire    ....,208,31,5,0,0,0,32,93.4,long (L>200),complex (H>=8)
Anemone    ...,211,16,4,0,0,1,3,106.02,long (L>200),complex (H>=8)
Mat - Martian 2,213,18,7,1,0,1,0,112.32,long (L>200),complex (H>=8)
The Sun,258,36,3,0,0,0,65,168.91,long (L>200),complex (H>=8)
Fractal 2    .....,279,26,10,0,0,0,4,219.65,long (L>200),complex (H>=8)
Taraxacum officinale,282,44,4,0,0,0,33,199.04,long (L>200),complex (H>=8)
Mat - Lot 2-2 B,284,54,4,0,0,0,62,213.74,long (L>200),complex (H>=8)
medallion,337,50,4,0,0,0,35,309.32,long (L>200),complex (H>=8)
Methaqualone C16H14N2O Structural Representation    .......,348,64,8,0,0,0,112,359.94,long (L>200),complex (H>=8)
Cesspool,358,96,5,0,0,0,104,433.1,long (L>200),complex (H>=8)
Shooting Star,364,69,4,0,0,0,59,363.88,long (L>200),complex (H>=8)
Snowflake 4,370,36,4,0,0,0,50,335.51,long (L>200),complex (H>=8)
Teslagon    ......,376,42,15,0,0,0,94,494.03,long (L>200),complex (H>=8)
Saccharomyces Cerevisiae - Difficulty Level 0,379,30,15,0,0,0,32,490.62,long (L>200),complex (H>=8)
Mat - Cuboid,380,85,6,0,0,0,66,483.2,long (L>200),complex (H>=8)
JF1,387,42,6,1,0,1,0,431.16,long (L>200),complex (H>=8)
Looking Back Again,389,51,8,0,0,0,62,462.66,long (L>200),complex (H>=8)
Thunderbolt,392,66,11,0,0,0,60,524.22,long (L>200),complex (H>=8)
Documenting repetitious behavior    .......,393,36,9,0,0,0,92,574.63,long (L>200),complex (H>=8)
Snowflake 3,393,60,4,0,0,0,117,475.38,long (L>200),complex (H>=8)
Fractal star x5    .....,395,50,5,0,0,0,13,466.68,long (L>200),complex (H>=8)
Spiral of 5's,397,45,5,0,0,0,5,501.11,long (L>200),complex (H>=8)
Hoglafractal    ..,398,51,7,0,0,0,135,550.02,long (L>200),complex (H>=8)
Gladius,400,82,4,0,0,0,35,503.11,long (L>200),complex (H>=8)
