error_rate,method,T,mean_coverage
0.001,greedy,,0.142
0.001,boltzmann,0.1,0.0988
0.001,boltzmann,0.5,0.1398
0.001,boltzmann,1.0,0.0654
0.001,boltzmann,2.0,0.123
0.001,boltzmann,5.0,0.0946
0.005,greedy,,0.0319
0.005,boltzmann,0.1,0.0319
0.005,boltzmann,0.5,0.0319
0.005,boltzmann,1.0,0.0266
0.005,boltzmann,2.0,0.0319
0.005,boltzmann,5.0,0.0266
0.01,greedy,,0.017
0.01,boltzmann,0.1,0.017
0.01,boltzmann,0.5,0.017
0.01,boltzmann,1.0,0.017
0.01,boltzmann,2.0,0.017
0.01,boltzmann,5.0,0.017
