seed,exact,avg_dist
42,0.8857,0.56
43,0.0000,8.89
44,0.0000,1.56
45,0.0190,4.35
46,0.0000,5.16
47,0.5556,1.78
48,0.0000,5.46
49,1.0000,0.00
50,0.0000,3.22
51,0.3746,1.03
52,0.0000,7.05
53,0.0000,11.82
54,1.0000,0.00
55,0.0000,2.66
56,0.0000,7.30
57,0.7143,0.81
58,0.7365,0.80
59,0.7016,0.30
60,0.0000,7.21
61,0.6984,0.90
62,0.3175,2.05
63,0.9810,0.03
64,0.0730,5.38
65,0.0000,5.24
66,0.6794,1.03
67,0.0000,8.68
68,1.0000,0.00
69,0.8603,1.49
70,0.7111,0.67
71,0.0000,6.12
72,0.0000,5.53
73,0.5492,0.51
74,0.0000,5.21
75,0.3365,4.67
76,0.0000,3.00
77,0.7714,0.46
78,0.0000,3.53
79,0.0000,7.13
80,0.9206,0.24
81,0.3778,3.11
82,0.1111,3.67
83,0.0000,5.57
84,0.0000,7.04
85,0.0000,3.29
86,0.9873,0.10
87,1.0000,0.00
88,0.0000,3.52
89,0.0000,4.00
90,0.1587,0.84
91,0.0000,5.94
92,1.0000,0.00
93,0.9492,0.36
94,0.1841,2.45
95,0.7365,1.02
96,0.0000,9.04
97,0.0000,2.38
98,0.0000,1.00
99,0.0000,3.70
100,0.0000,2.49
101,1.0000,0.00
102,0.0000,3.84
103,0.0000,6.49
104,0.7175,0.70
105,0.0159,0.98
106,0.8444,1.04
107,0.9302,0.72
108,0.0000,2.77
109,0.5714,2.14
110,0.2095,1.11
111,1.0000,0.00
112,0.4254,1.15
113,0.6159,0.68
114,0.0000,2.17
115,1.0000,0.00
116,0.0000,6.07
117,0.0000,8.00
118,0.0000,2.87
119,0.0000,4.76
120,0.8032,0.90
121,0.3492,2.84
122,0.5143,2.91
123,0.0000,1.00
124,0.0000,3.00
125,0.1333,5.87
126,0.0000,1.10
127,0.6381,1.90
128,1.0000,0.00
129,0.8413,1.42
130,0.7397,1.23
131,1.0000,0.00
132,0.0000,7.59
133,0.0000,3.98
134,0.2127,1.82
135,0.9492,0.28
136,0.0000,1.83
137,0.2698,2.97
138,0.5048,0.50
139,0.3175,3.33
140,0.5333,3.20
141,0.7238,0.28
